Timestamp,"On a scale of 1 (very easy) to 5 (very difficult), how would you rate the difficulty of this lab?",In the following piece of code identify the function and the argument.,How many arguments does the following piece of code have?,"Look back at your lab handout, is the R code in single green color or in multiple colors?","Make up a unique identifier for yourself. This identifier can be comprised of letters, numbers, special characters, etc. Enter it in the space below and make sure you take note of it because you'll be asked to enter the same identifier again next week."
8/30/2012 9:32:18,2,"function: names, argument: present",3,code in multiple colors,2436
8/30/2012 9:33:44,2,"function: names, argument: present",3,code in multiple colors,bluedevils24
8/30/2012 9:35:06,2,"function: names, argument: present",3,code in multiple colors,ces15
8/30/2012 9:42:06,2,"function: names, argument: present",3,code in single green color,3hahaha
8/30/2012 9:43:22,2,"function: names, argument: present",2,code in multiple colors,BlueDevilPres
8/30/2012 9:44:13,2,"function: names, argument: present",2,code in multiple colors,9
8/30/2012 9:44:18,3,"function: present, argument: names",2,code in multiple colors,1501aaa
8/30/2012 9:44:31,2,"function: names, argument: present",3,code in multiple colors,$trawz
8/30/2012 9:44:48,3,"function: names, argument: present",2,code in multiple colors,jb11596
8/30/2012 9:44:59,2,"function: names, argument: present",3,code in multiple colors,abcd7890
8/30/2012 9:45:41,2,"function: names, argument: present",3,code in multiple colors,2679
8/30/2012 9:46:41,2,"function: present, argument: names",1,code in single green color,Okie92
8/30/2012 9:46:56,1,"function: names, argument: present",2,code in single green color,1313
8/30/2012 9:47:00,2,"function: names, argument: present",3,code in single green color,dfg356
8/30/2012 9:47:22,2,"function: names, argument: present",3,code in single green color,wpb29
8/30/2012 9:47:58,3,"function: names, argument: present",3,code in single green color,MIA305
8/30/2012 11:06:16,1,"function: names, argument: present",2,code in multiple colors,Mark Chee
8/30/2012 11:06:19,2,"function: names, argument: present",3,code in single green color,dx5
8/30/2012 11:06:20,3,"function: names, argument: present",2,code in multiple colors,17ils
8/30/2012 11:06:38,1,"function: names, argument: present",2,code in multiple colors,nyctorex831
8/30/2012 11:06:40,2,"function: names, argument: present",2,code in multiple colors,jellyfish
8/30/2012 11:07:35,2,"function: present, argument: names",2,code in single green color,rndm
8/30/2012 11:07:49,2,"function: names, argument: present",2,code in single green color,Gesundheit
8/30/2012 11:08:08,2,"function: names, argument: present",2,code in single green color,stark
8/30/2012 11:09:12,3,"function: present, argument: names",2,code in multiple colors,hpluvr22
8/30/2012 11:09:18,3,"function: names, argument: present",2,code in multiple colors,bluedevil493
8/30/2012 11:09:44,3,"function: names, argument: present",1,code in multiple colors,notbecca
8/30/2012 11:09:46,3,"function: names, argument: present",1,code in multiple colors,notriley
8/30/2012 11:15:47,2,"function: names, argument: present",3,code in single green color,baseball
8/30/2012 11:16:10,2,"function: present, argument: names",2,code in single green color,811
8/30/2012 11:17:04,3,"function: present, argument: names",1,code in single green color,jers11
8/30/2012 11:17:07,3,"function: names, argument: present",3,code in single green color,207HV
8/30/2012 11:17:16,2,"function: names, argument: present",3,code in single green color,hobbes
8/30/2012 11:17:33,3,"function: names, argument: present",2,code in single green color,csokicat
8/30/2012 11:17:36,2,"function: names, argument: present",2,code in single green color,fish
8/30/2012 11:17:36,2,"function: names, argument: present",2,code in single green color,qwertyuiop
8/30/2012 11:17:49,2,"function: names, argument: present",3,code in single green color,ilovechocolate
8/30/2012 11:17:55,2,"function: names, argument: present",3,code in single green color,31BL
8/30/2012 11:17:57,2,"function: names, argument: present",3,code in multiple colors,jonesy24
8/30/2012 11:17:58,3,"function: names, argument: present",2,code in single green color,thecitizen
8/30/2012 11:18:17,2,"function: names, argument: present",3,code in single green color,eaz6
8/30/2012 12:29:29,3,"function: names, argument: present",2,code in single green color,bdr10
8/30/2012 12:29:39,2,"function: names, argument: present",2,code in single green color,pinkpolkadot
8/30/2012 12:29:50,2,"function: present, argument: names",3,code in single green color,b93
8/30/2012 12:31:42,3,"function: names, argument: present",1,code in single green color,STB
8/30/2012 12:32:01,3,"function: names, argument: present",1,code in single green color,CMP19
8/30/2012 12:32:05,1,"function: names, argument: present",3,code in single green color,GzOne
8/30/2012 12:32:55,3,"function: names, argument: present",3,code in single green color,Jahstep
8/30/2012 12:34:33,3,"function: names, argument: present",3,code in multiple colors,528
8/30/2012 12:35:43,1,"function: names, argument: present",2,code in single green color,selzer
8/30/2012 12:35:46,2,"function: names, argument: present",2,code in single green color,519
8/30/2012 12:36:46,2,"function: names, argument: present",3,code in single green color,Ricki
8/30/2012 12:37:00,2,"function: present, argument: names",2,code in single green color,123
8/30/2012 12:37:11,2,"function: names, argument: present",2,code in single green color,4444
8/30/2012 12:39:07,2,"function: names, argument: present",3,code in single green color,sikorski
8/30/2012 12:49:27,4,"function: names, argument: present",2,code in single green color,1045
8/30/2012 12:50:12,4,"function: present, argument: names",2,code in single green color,sij7
8/30/2012 12:50:22,4,"function: present, argument: names",1,code in single green color,1262
8/30/2012 12:50:50,3,"function: names, argument: present",2,code in single green color,Bishop
8/30/2012 12:50:58,2,"function: names, argument: present",2,code in single green color,nda
8/30/2012 14:23:43,3,"function: names, argument: present",3,code in single green color,4311
8/30/2012 14:23:49,4,"function: names, argument: present",3,code in single green color,abbylarsen19
8/30/2012 14:24:24,3,"function: names, argument: present",3,code in single green color,1804
8/30/2012 14:25:37,2,"function: names, argument: present",2,code in multiple colors,waffle
8/30/2012 14:25:51,2,"function: names, argument: present",3,code in single green color,pinkbunny
8/30/2012 14:26:05,2,"function: names, argument: present",2,code in single green color,123
8/30/2012 14:26:11,2,"function: names, argument: present",2,code in single green color,beyonce
8/30/2012 14:27:45,3,"function: present, argument: names",1,code in single green color,1909
8/30/2012 14:28:30,3,"function: names, argument: present",3,code in single green color,sasha93
8/30/2012 14:28:39,2,"function: names, argument: present",3,code in multiple colors,Domino
8/30/2012 14:29:29,1,"function: names, argument: present",2,code in multiple colors,9347
8/30/2012 14:29:39,2,"function: names, argument: present",2,code in single green color,seaduck
8/30/2012 14:29:45,3,"function: names, argument: present",3,code in single green color,bay415
8/30/2012 14:30:03,2,"function: names, argument: present",3,code in multiple colors,ninja
8/30/2012 14:30:23,2,"function: present, argument: names",1,code in single green color,books
8/30/2012 14:30:25,3,"function: names, argument: present",2,code in multiple colors,Thursday
8/30/2012 14:30:32,2,"function: names, argument: present",2,code in multiple colors,alphyd
8/30/2012 14:30:48,3,"function: names, argument: present",3,code in single green color,tiggerox44
8/30/2012 14:30:49,2,"function: names, argument: present",3,code in multiple colors,jl357
8/30/2012 14:30:54,2,"function: names, argument: present",3,code in multiple colors,Bagel
8/30/2012 14:30:59,3,"function: names, argument: present",3,code in single green color,gc
8/30/2012 14:31:57,3,"function: names, argument: present",3,code in single green color,STMB
8/30/2012 14:34:45,2,"function: names, argument: present",3,code in multiple colors,6350
8/30/2012 14:35:47,3,"function: names, argument: present",1,code in multiple colors,5683
8/30/2012 14:39:38,4,"function: names, argument: present",1,code in single green color,1793